participant,biomarker,measurement,diseased
0,HIP-FCI (1),3.086466588657162,True
1,HIP-FCI (1),5.1649724404241955,True
2,HIP-FCI (1),-9.399064418730763,True
3,HIP-FCI (1),-1.1366193367803983,True
4,HIP-FCI (1),-4.575199614930076,True
5,HIP-FCI (1),6.5544977568515295,False
6,HIP-FCI (1),5.059049763082827,False
7,HIP-FCI (1),1.7354659088655064,False
8,HIP-FCI (1),-3.9207559180437093,True
9,HIP-FCI (1),-9.468389939944622,True
10,HIP-FCI (1),-1.3405353400719355,True
11,HIP-FCI (1),4.157274602267274,False
12,HIP-FCI (1),-3.2948640410584797,True
13,HIP-FCI (1),3.7253988372070546,False
14,HIP-FCI (1),6.433990924858281,False
15,HIP-FCI (1),-18.208191650740332,True
16,HIP-FCI (1),-17.48595215813775,True
17,HIP-FCI (1),3.431400250856335,True
18,HIP-FCI (1),5.07057241657637,False
19,HIP-FCI (1),-0.17110969273948307,True
20,HIP-FCI (1),5.138520182896867,True
21,HIP-FCI (1),-5.199182022371639,True
22,HIP-FCI (1),-11.467018083387366,True
23,HIP-FCI (1),-0.5043801118401028,True
24,HIP-FCI (1),-5.289564559974747,True
25,HIP-FCI (1),-3.3442786100526245,True
26,HIP-FCI (1),-8.873726808819594,True
27,HIP-FCI (1),-4.551190386802739,True
28,HIP-FCI (1),6.495410987055157,True
29,HIP-FCI (1),1.0853565575569504,False
30,HIP-FCI (1),-1.808756014155902,True
31,HIP-FCI (1),-1.8125873965030541,True
32,HIP-FCI (1),-8.344028371653128,True
33,HIP-FCI (1),-6.860206313939399,True
34,HIP-FCI (1),-0.014840150967029508,True
35,HIP-FCI (1),6.291955854706373,False
36,HIP-FCI (1),-5.209148967709728,True
37,HIP-FCI (1),-8.103766183377507,True
38,HIP-FCI (1),-20.239288186514024,True
39,HIP-FCI (1),-9.457828408348288,True
40,HIP-FCI (1),-13.308775637508061,True
41,HIP-FCI (1),7.235140507178386,False
42,HIP-FCI (1),3.5880555162578203,False
43,HIP-FCI (1),0.7576477757396818,True
44,HIP-FCI (1),-7.605600078757353,True
45,HIP-FCI (1),-1.2008851438644297,True
46,HIP-FCI (1),-5.220146152150243,True
47,HIP-FCI (1),-5.1772246278613645,True
48,HIP-FCI (1),-9.851982778321496,True
49,HIP-FCI (1),5.931412051929791,False
0,PCC-FCI (2),3.8039114070286892,True
1,PCC-FCI (2),0.34356494719048136,True
2,PCC-FCI (2),7.051971382192857,True
3,PCC-FCI (2),8.945248698962068,True
4,PCC-FCI (2),1.759002288839087,True
5,PCC-FCI (2),13.348458452342086,False
6,PCC-FCI (2),14.917297548888452,False
7,PCC-FCI (2),15.322169850872369,False
8,PCC-FCI (2),5.744635999403733,True
9,PCC-FCI (2),0.0875827846147601,True
10,PCC-FCI (2),5.547505357548599,True
11,PCC-FCI (2),7.768855467433669,False
12,PCC-FCI (2),8.176041972921865,True
13,PCC-FCI (2),10.949006758106925,False
14,PCC-FCI (2),12.149968835345991,False
15,PCC-FCI (2),12.312764902590928,True
16,PCC-FCI (2),10.056093574545041,True
17,PCC-FCI (2),5.184923673654716,True
18,PCC-FCI (2),13.911964053131761,False
19,PCC-FCI (2),11.640147635329619,True
20,PCC-FCI (2),6.7285343978434256,True
21,PCC-FCI (2),4.544336944620777,True
22,PCC-FCI (2),9.647154025303049,True
23,PCC-FCI (2),3.2393752984121895,True
24,PCC-FCI (2),1.6621157300703273,True
25,PCC-FCI (2),5.31214565347875,True
26,PCC-FCI (2),-2.697566172711494,True
27,PCC-FCI (2),-2.125898979550236,True
28,PCC-FCI (2),5.210650565037923,True
29,PCC-FCI (2),11.058030084052234,False
30,PCC-FCI (2),6.360311226388031,True
31,PCC-FCI (2),11.86569919506232,True
32,PCC-FCI (2),4.009723514857649,True
33,PCC-FCI (2),2.5257081171538514,True
34,PCC-FCI (2),9.790633167521513,True
35,PCC-FCI (2),10.603476474157612,False
36,PCC-FCI (2),-0.8088818447828148,True
37,PCC-FCI (2),7.765426032268827,True
38,PCC-FCI (2),5.8979635515831355,True
39,PCC-FCI (2),4.011793152430868,True
40,PCC-FCI (2),1.5499416601016285,True
41,PCC-FCI (2),14.922494458288188,False
42,PCC-FCI (2),16.700667016393588,False
43,PCC-FCI (2),5.487204216496234,True
44,PCC-FCI (2),3.796325009764587,True
45,PCC-FCI (2),2.7405085833438085,True
46,PCC-FCI (2),3.4642596252465987,True
47,PCC-FCI (2),7.092841759235244,True
48,PCC-FCI (2),8.374097840594178,True
49,PCC-FCI (2),9.58344345879631,False
0,AB (3),203.64266465321182,True
1,AB (3),144.71669986565757,True
2,AB (3),174.522858323605,True
3,AB (3),141.2413874229862,True
4,AB (3),135.5757013818447,True
5,AB (3),238.75482977309477,False
6,AB (3),256.6611438099827,False
7,AB (3),191.64565748293484,False
8,AB (3),162.82042322603235,True
9,AB (3),141.2307394846902,True
10,AB (3),172.99750353559762,True
11,AB (3),193.90076695173133,False
12,AB (3),341.35284393043474,True
13,AB (3),186.17789392926494,False
14,AB (3),214.35946629975325,False
15,AB (3),277.55048718012773,True
16,AB (3),126.06512017948899,True
17,AB (3),157.4032476347815,True
18,AB (3),279.724407721431,False
19,AB (3),212.27427044806072,True
20,AB (3),141.41219585160823,True
21,AB (3),123.45121190550121,True
22,AB (3),118.97692379472299,True
23,AB (3),187.12573760644636,True
24,AB (3),281.6497850794033,True
25,AB (3),117.72429072533542,True
26,AB (3),152.8859336061794,True
27,AB (3),141.1816877356097,True
28,AB (3),138.65592650188404,True
29,AB (3),173.69296492580742,False
30,AB (3),165.3930810393411,True
31,AB (3),116.10996549615177,True
32,AB (3),149.73257096499182,True
33,AB (3),150.8664076292421,True
34,AB (3),157.83767803936718,True
35,AB (3),250.13314588581517,False
36,AB (3),144.7385987544792,True
37,AB (3),110.09374988809483,True
38,AB (3),157.47237504503823,True
39,AB (3),163.71971035533767,True
40,AB (3),169.7088649929539,True
41,AB (3),280.14181514593963,False
42,AB (3),183.9805803045307,False
43,AB (3),165.0822033012932,True
44,AB (3),132.75332382355091,True
45,AB (3),162.22641676795192,True
46,AB (3),240.0148941333561,True
47,AB (3),146.3329821403219,True
48,AB (3),171.5020013802241,True
49,AB (3),278.83427423778136,False
0,P-Tau (4),-32.25532327147483,True
1,P-Tau (4),-32.333808441989916,True
2,P-Tau (4),-73.81831791966155,True
3,P-Tau (4),-28.360925959154923,True
4,P-Tau (4),-45.203248931212116,True
5,P-Tau (4),-33.765381643422884,False
6,P-Tau (4),-20.253033000615552,False
7,P-Tau (4),-16.672643565052354,False
8,P-Tau (4),-18.646840566669248,True
9,P-Tau (4),-41.085429165890645,True
10,P-Tau (4),-24.86805055880784,True
11,P-Tau (4),-27.102946062920818,False
12,P-Tau (4),-29.1881003241733,True
13,P-Tau (4),-22.115472995115468,False
14,P-Tau (4),-40.485949492189874,False
15,P-Tau (4),-0.5284136680918259,True
16,P-Tau (4),-53.42163608708282,True
17,P-Tau (4),-53.69024747869055,True
18,P-Tau (4),-21.470695371511173,False
19,P-Tau (4),-2.5673583083933487,True
20,P-Tau (4),-35.40120948115636,True
21,P-Tau (4),-52.3784841854202,True
22,P-Tau (4),-20.112380947466693,True
23,P-Tau (4),-16.02014463583405,True
24,P-Tau (4),-44.19790160533769,True
25,P-Tau (4),-8.79403659674513,True
26,P-Tau (4),-64.45916234839348,True
27,P-Tau (4),3.7119275014998507,True
28,P-Tau (4),-41.68396442995511,True
29,P-Tau (4),-27.38083523035272,False
30,P-Tau (4),-97.82468671594805,True
31,P-Tau (4),-30.731041799713765,True
32,P-Tau (4),-56.8627397361866,True
33,P-Tau (4),-32.43670897519287,True
34,P-Tau (4),-51.27284702282154,True
35,P-Tau (4),2.136045733473452,False
36,P-Tau (4),-91.62257702478624,True
37,P-Tau (4),-102.25080432040599,True
38,P-Tau (4),-37.19400620922997,True
39,P-Tau (4),-3.783916015075377,True
40,P-Tau (4),-42.84967332018876,True
41,P-Tau (4),-24.365554127694164,False
42,P-Tau (4),-63.05635921472714,False
43,P-Tau (4),-52.28065459049344,True
44,P-Tau (4),-75.56702773347058,True
45,P-Tau (4),-71.88550086095383,True
46,P-Tau (4),-19.11201354379956,True
47,P-Tau (4),-74.40489896060707,True
48,P-Tau (4),-70.30923984758961,True
49,P-Tau (4),-10.134271037247379,False
0,MMSE (5),28.162363741060705,True
1,MMSE (5),27.54739203088622,True
2,MMSE (5),24.99278220617916,True
3,MMSE (5),21.15744167375621,True
4,MMSE (5),22.903491759405618,True
5,MMSE (5),26.922800856365583,False
6,MMSE (5),27.66288214507504,False
7,MMSE (5),27.530664231157964,False
8,MMSE (5),27.902396061879795,True
9,MMSE (5),19.417621924051137,True
10,MMSE (5),25.205993841467254,True
11,MMSE (5),27.80287316596405,False
12,MMSE (5),27.993478668507993,True
13,MMSE (5),27.892362945795366,False
14,MMSE (5),27.346775605454056,False
15,MMSE (5),27.331082431091755,True
16,MMSE (5),27.138883553253724,True
17,MMSE (5),21.622477746239625,True
18,MMSE (5),28.154131373191994,False
19,MMSE (5),28.81065341088727,True
20,MMSE (5),19.293099465284598,True
21,MMSE (5),23.922239943751197,True
22,MMSE (5),26.98734583109227,True
23,MMSE (5),25.677597688972533,True
24,MMSE (5),27.965309898797557,True
25,MMSE (5),21.570874313424365,True
26,MMSE (5),24.212426749481033,True
27,MMSE (5),29.44862643715067,True
28,MMSE (5),24.392895284479152,True
29,MMSE (5),28.00093810739039,False
30,MMSE (5),21.636532509871518,True
31,MMSE (5),24.723608341927605,True
32,MMSE (5),22.221181297260156,True
33,MMSE (5),26.027885577067792,True
34,MMSE (5),28.318818162010206,True
35,MMSE (5),27.829419077511503,False
36,MMSE (5),24.23672163750349,True
37,MMSE (5),24.002345124333957,True
38,MMSE (5),28.005250842504708,True
39,MMSE (5),28.901643594637452,True
40,MMSE (5),27.842994356151962,True
41,MMSE (5),27.592828300918917,False
42,MMSE (5),28.80452653821095,False
43,MMSE (5),22.306947857414386,True
44,MMSE (5),25.169906771759504,True
45,MMSE (5),20.713070560129513,True
46,MMSE (5),28.586789567112557,True
47,MMSE (5),27.98905169383405,True
48,MMSE (5),21.044720264442244,True
49,MMSE (5),25.48183371401311,False
0,ADAS (6),-5.333217529567402,True
1,ADAS (6),-5.48963978945977,True
2,ADAS (6),-21.922862627891604,True
3,ADAS (6),-24.288240142464083,True
4,ADAS (6),-6.218108294011686,True
5,ADAS (6),-5.279626175628284,False
6,ADAS (6),-4.9267709142623755,False
7,ADAS (6),-8.235922400167869,False
8,ADAS (6),-7.036117830266858,True
9,ADAS (6),-18.323533481223237,True
10,ADAS (6),-21.180640670580715,True
11,ADAS (6),-5.977013536137604,False
12,ADAS (6),-7.6585550688539685,True
13,ADAS (6),-5.230129344053328,False
14,ADAS (6),-7.08639717882974,False
15,ADAS (6),-5.613216326403101,True
16,ADAS (6),-7.924853045562658,True
17,ADAS (6),-14.909322563963197,True
18,ADAS (6),-6.116483159460814,False
19,ADAS (6),-5.270528862189926,True
20,ADAS (6),-4.912647016900612,True
21,ADAS (6),-18.077839160368388,True
22,ADAS (6),-4.526396211662933,True
23,ADAS (6),-20.013207548693725,True
24,ADAS (6),-6.174279028344083,True
25,ADAS (6),-13.438366121375243,True
26,ADAS (6),-16.429056966495494,True
27,ADAS (6),-6.493441757107851,True
28,ADAS (6),-6.58632451812503,True
29,ADAS (6),-5.641981753791397,False
30,ADAS (6),-12.60044505353454,True
31,ADAS (6),-15.512993469389071,True
32,ADAS (6),-25.40016174673179,True
33,ADAS (6),-8.232640450812912,True
34,ADAS (6),-8.448752482466414,True
35,ADAS (6),-3.6212400214939056,False
36,ADAS (6),-15.71967071424666,True
37,ADAS (6),-19.304452671239652,True
38,ADAS (6),-7.6636792853703835,True
39,ADAS (6),-5.678183049620245,True
40,ADAS (6),-7.964622160730143,True
41,ADAS (6),-7.212264783124713,False
42,ADAS (6),-6.045084718530155,False
43,ADAS (6),-18.82117963674334,True
44,ADAS (6),-19.195852836280825,True
45,ADAS (6),-7.7067527660295925,True
46,ADAS (6),-6.698534527779842,True
47,ADAS (6),-4.368716683256773,True
48,ADAS (6),-12.369940415355234,True
49,ADAS (6),-6.020476697428417,False
0,HIP-GMI (7),0.21764463006223114,True
1,HIP-GMI (7),0.14616505161531657,True
2,HIP-GMI (7),0.03730164566600408,True
3,HIP-GMI (7),0.4537951845887231,True
4,HIP-GMI (7),0.22680849880542367,True
5,HIP-GMI (7),0.41762663105861636,False
6,HIP-GMI (7),0.8059399117890076,False
7,HIP-GMI (7),0.2901846811719055,False
8,HIP-GMI (7),0.6665285401508805,True
9,HIP-GMI (7),0.5856055245384371,True
10,HIP-GMI (7),0.33818817881259766,True
11,HIP-GMI (7),0.39534299643008525,False
12,HIP-GMI (7),-0.07958238861431782,True
13,HIP-GMI (7),-0.03960318846160327,False
14,HIP-GMI (7),0.329625758877443,False
15,HIP-GMI (7),0.4435799811428189,True
16,HIP-GMI (7),0.21796666998444839,True
17,HIP-GMI (7),0.8977666929008654,True
18,HIP-GMI (7),0.18275403031631757,False
19,HIP-GMI (7),0.46835451544803725,True
20,HIP-GMI (7),0.04661821441408537,True
21,HIP-GMI (7),0.7765309414537939,True
22,HIP-GMI (7),0.45782484907581494,True
23,HIP-GMI (7),0.8022473216188695,True
24,HIP-GMI (7),0.651946329604396,True
25,HIP-GMI (7),0.21243612065378045,True
26,HIP-GMI (7),0.19444581760851806,True
27,HIP-GMI (7),0.6643235956834115,True
28,HIP-GMI (7),0.41755888188678947,True
29,HIP-GMI (7),0.3390525811169082,False
30,HIP-GMI (7),0.2675903385627627,True
31,HIP-GMI (7),-0.05269345112704593,True
32,HIP-GMI (7),0.2420649503528878,True
33,HIP-GMI (7),-0.2838918252129511,True
34,HIP-GMI (7),0.3416838827880082,True
35,HIP-GMI (7),0.7537112465698644,False
36,HIP-GMI (7),-0.007890447079420049,True
37,HIP-GMI (7),0.12347866591061629,True
38,HIP-GMI (7),0.2746172998123648,True
39,HIP-GMI (7),0.4981397486141198,True
40,HIP-GMI (7),0.7236511191943433,True
41,HIP-GMI (7),0.8187562895643696,False
42,HIP-GMI (7),0.5235795700075724,False
43,HIP-GMI (7),0.031153539514118644,True
44,HIP-GMI (7),0.6006080547555775,True
45,HIP-GMI (7),-0.17349541245223377,True
46,HIP-GMI (7),0.6423604385160541,True
47,HIP-GMI (7),0.27415351419847955,True
48,HIP-GMI (7),0.08311480180692438,True
49,HIP-GMI (7),-0.07832226527799907,False
0,AVLT-Sum (8),67.22116152552464,True
1,AVLT-Sum (8),28.12545484387711,True
2,AVLT-Sum (8),53.952223291726426,True
3,AVLT-Sum (8),23.26461735693464,True
4,AVLT-Sum (8),50.80921624453928,True
5,AVLT-Sum (8),35.6765478966312,False
6,AVLT-Sum (8),18.241441803532965,False
7,AVLT-Sum (8),44.29418022528921,False
8,AVLT-Sum (8),17.652421634344726,True
9,AVLT-Sum (8),19.690369294407734,True
10,AVLT-Sum (8),6.999220872440935,True
11,AVLT-Sum (8),29.295167634607274,False
12,AVLT-Sum (8),33.988661741894724,True
13,AVLT-Sum (8),44.15088163422559,False
14,AVLT-Sum (8),48.878961307988206,False
15,AVLT-Sum (8),34.491815393857635,True
16,AVLT-Sum (8),56.77225362580862,True
17,AVLT-Sum (8),13.362782073337922,True
18,AVLT-Sum (8),32.63035037205295,False
19,AVLT-Sum (8),18.028284506433536,True
20,AVLT-Sum (8),37.24851723121989,True
21,AVLT-Sum (8),32.505029607485454,True
22,AVLT-Sum (8),31.796154470284684,True
23,AVLT-Sum (8),23.78013997766114,True
24,AVLT-Sum (8),30.030766404981993,True
25,AVLT-Sum (8),55.60408277229338,True
26,AVLT-Sum (8),19.463088790296357,True
27,AVLT-Sum (8),26.898485200302,True
28,AVLT-Sum (8),22.371841011111425,True
29,AVLT-Sum (8),55.07602082633478,False
30,AVLT-Sum (8),53.58465155620777,True
31,AVLT-Sum (8),41.191542077843586,True
32,AVLT-Sum (8),14.012204518714276,True
33,AVLT-Sum (8),44.25060041098307,True
34,AVLT-Sum (8),31.711451152753504,True
35,AVLT-Sum (8),46.27312977195794,False
36,AVLT-Sum (8),27.803689241399763,True
37,AVLT-Sum (8),7.366729862718847,True
38,AVLT-Sum (8),51.78545155899471,True
39,AVLT-Sum (8),22.52495243956432,True
40,AVLT-Sum (8),34.100088609120775,True
41,AVLT-Sum (8),64.16705867878737,False
42,AVLT-Sum (8),28.967140832096447,False
43,AVLT-Sum (8),25.722038782652522,True
44,AVLT-Sum (8),31.714492965308438,True
45,AVLT-Sum (8),37.27788728030171,True
46,AVLT-Sum (8),35.68215777840968,True
47,AVLT-Sum (8),54.987601124899626,True
48,AVLT-Sum (8),25.140152912690244,True
49,AVLT-Sum (8),43.73754812711203,False
0,FUS-GMI (9),0.5659024566164538,True
1,FUS-GMI (9),0.6844520020408393,True
2,FUS-GMI (9),0.5855349721014548,True
3,FUS-GMI (9),0.5242531395468911,True
4,FUS-GMI (9),0.4917293701806089,True
5,FUS-GMI (9),0.48698045741179463,False
6,FUS-GMI (9),0.4085976013478526,False
7,FUS-GMI (9),0.6598407657920798,False
8,FUS-GMI (9),0.5706925701984054,True
9,FUS-GMI (9),0.5187705390692473,True
10,FUS-GMI (9),0.6483117981048645,True
11,FUS-GMI (9),0.6584211167177353,False
12,FUS-GMI (9),0.7001523100963556,True
13,FUS-GMI (9),0.5759223971750477,False
14,FUS-GMI (9),0.658988688368356,False
15,FUS-GMI (9),0.6267479620443811,True
16,FUS-GMI (9),0.6439224004771055,True
17,FUS-GMI (9),0.46498901110273216,True
18,FUS-GMI (9),0.713524270305578,False
19,FUS-GMI (9),0.5661997673737867,True
20,FUS-GMI (9),0.5576826422053671,True
21,FUS-GMI (9),0.6672787490589764,True
22,FUS-GMI (9),0.655917826176549,True
23,FUS-GMI (9),0.5370427603774532,True
24,FUS-GMI (9),0.5842696241745473,True
25,FUS-GMI (9),0.5386130408886619,True
26,FUS-GMI (9),0.5871533845177426,True
27,FUS-GMI (9),0.6635477590581107,True
28,FUS-GMI (9),0.6524753378166982,True
29,FUS-GMI (9),0.4693253049931836,False
30,FUS-GMI (9),0.45011355001400055,True
31,FUS-GMI (9),0.6099171209507928,True
32,FUS-GMI (9),0.419613296398184,True
33,FUS-GMI (9),0.5334123405383477,True
34,FUS-GMI (9),0.593328414095919,True
35,FUS-GMI (9),0.6590068436819785,False
36,FUS-GMI (9),0.5754847111649565,True
37,FUS-GMI (9),0.596212922403918,True
38,FUS-GMI (9),0.5527154581179881,True
39,FUS-GMI (9),0.5208359083819153,True
40,FUS-GMI (9),0.6607300995667869,True
41,FUS-GMI (9),0.5942065318784265,False
42,FUS-GMI (9),0.5708532956682227,False
43,FUS-GMI (9),0.5032167033289556,True
44,FUS-GMI (9),0.6876008667114437,True
45,FUS-GMI (9),0.6431071987522392,True
46,FUS-GMI (9),0.5565361810685816,True
47,FUS-GMI (9),0.6033620672188021,True
48,FUS-GMI (9),0.4210894849159344,True
49,FUS-GMI (9),0.5663680072218996,False
0,FUS-FCI (10),-3.384849761911945,True
1,FUS-FCI (10),-8.84807796126976,True
2,FUS-FCI (10),-8.685143713300425,True
3,FUS-FCI (10),-11.810503462663942,True
4,FUS-FCI (10),-11.951790605996145,True
5,FUS-FCI (10),-8.566218226989157,False
6,FUS-FCI (10),-8.749944269167313,False
7,FUS-FCI (10),-5.774860832275955,False
8,FUS-FCI (10),-6.382800873498747,True
9,FUS-FCI (10),-11.600913074349547,True
10,FUS-FCI (10),-10.040473073027647,True
11,FUS-FCI (10),-12.234361796650003,False
12,FUS-FCI (10),-2.9272773506896375,True
13,FUS-FCI (10),-7.7014352264031185,False
14,FUS-FCI (10),-10.838058033455267,False
15,FUS-FCI (10),-19.48616327144927,True
16,FUS-FCI (10),-9.177104813796685,True
17,FUS-FCI (10),-8.643976332375276,True
18,FUS-FCI (10),-8.374342096663543,False
19,FUS-FCI (10),-7.200736208585415,True
20,FUS-FCI (10),-9.811853064241939,True
21,FUS-FCI (10),-11.60566246774572,True
22,FUS-FCI (10),-11.59719689965894,True
23,FUS-FCI (10),-17.109568183956924,True
24,FUS-FCI (10),-5.001385110513938,True
25,FUS-FCI (10),-13.712309826206194,True
26,FUS-FCI (10),-14.770319868108341,True
27,FUS-FCI (10),-6.8281792027650505,True
28,FUS-FCI (10),-13.274253298835182,True
29,FUS-FCI (10),-6.20376192601165,False
30,FUS-FCI (10),-6.453589458495841,True
31,FUS-FCI (10),-11.457509396417052,True
32,FUS-FCI (10),-22.978237979561378,True
33,FUS-FCI (10),-7.926284113134656,True
34,FUS-FCI (10),-10.539854158817787,True
35,FUS-FCI (10),-8.540793659984764,False
36,FUS-FCI (10),-13.766907653506767,True
37,FUS-FCI (10),-12.48587389137109,True
38,FUS-FCI (10),-10.710493347925754,True
39,FUS-FCI (10),-18.001741955027157,True
40,FUS-FCI (10),-11.702958795906428,True
41,FUS-FCI (10),-10.878421928742434,False
42,FUS-FCI (10),-8.235856695690156,False
43,FUS-FCI (10),-15.817806758942643,True
44,FUS-FCI (10),-14.041221567273553,True
45,FUS-FCI (10),-10.31159885163598,True
46,FUS-FCI (10),-6.96196586662178,True
47,FUS-FCI (10),-8.821848627075983,True
48,FUS-FCI (10),-21.599746766689602,True
49,FUS-FCI (10),-9.619627026743625,False
