50,10,CN,AD
-6.567992144411278,9.976251623549947,164.5807990437923,-36.58861727724165,18.24592363834297,-6.9598384722787445,0.3975761039482614,48.31378407666168,0.4836345637184585,-7.357891526073525,1
-12.76498597310678,0.7975939633562801,166.63843574218868,-71.90738721316204,22.7513337588523,-4.751038153935011,0.5260732387765552,22.51928656194776,0.5555996614602613,-12.318503136567251,1
-2.9883972148792535,5.821340610049734,167.05861601460438,-35.797436254499175,24.34125190508876,-6.364386975860878,0.3070995812236518,15.722659448127942,0.5509251094281354,-15.892695998012544,1
-11.020100270471222,9.793743171266463,152.96880591126143,-49.96716500784647,21.567898950378293,-22.213922652689476,0.2559055629982503,26.50951638435853,0.4264662353514803,-12.318760113042282,1
-11.47802163422644,3.6942299765495696,193.05891497208972,11.590243558163865,27.209171424211988,-25.389976158319215,-0.1807720955209347,26.10812994936573,0.5364441042270499,-9.034893875327825,1
-14.39404470107994,8.75552832193376,147.66548410854196,-63.702452313156115,29.579572495847408,-19.315700869902944,0.1459187899005273,25.818598238754717,0.6808251409773938,-13.2939530226399,1
7.541028858806252,6.931493561099297,256.1619930192789,-46.40113041495821,28.628990123218827,-4.55056777615536,0.4816191479036456,33.86031932961136,0.5471809730469308,-11.195372317793804,0
-14.738952847012092,1.7759848025444662,168.8065234340016,-72.34401332783379,21.571140270351275,-14.903747657347054,0.3731152044299971,19.445336233879537,0.5646709024244919,-8.739525821929487,1
-3.00209249787029,5.374813578683629,172.88871977807744,3.959113533461036,15.422317758505308,-3.4780406968520934,0.5704337173713019,34.14252567136103,0.6552505084440688,-15.102234001136708,1
-3.322732869457822,8.848876422536797,144.0583593513419,-130.45820241939506,22.21234316451126,-21.066017292592853,0.779570587764856,26.00558650772779,0.7332233957080796,-9.665953710188813,1
-0.0329939520222373,7.219276467833248,139.89052082340282,-38.79660869135246,29.035815372711433,-6.707703659464988,0.5432372026123556,39.071328107400454,0.65718508946136,-12.66767412328862,1
4.704897247433221,4.768560041847183,146.41416697914835,-66.38753232021566,23.202697624947454,-23.57792980333788,0.598190687743791,15.773005290267667,0.5906869666857133,-5.703576207913933,1
7.472524240758231,12.91068403671063,223.2412429820006,-24.312059547950035,28.55139183032785,-5.790549068247469,0.5304818982698848,58.27162649445229,0.4790261137018127,-9.72407513227171,0
-4.136750450067169,3.2371784713603073,158.80017689781658,-77.1854936256432,20.964386066046032,-21.388079138432413,0.9283633897983288,12.46863836011612,0.5910936514919162,-6.624139169665025,1
-0.893178339491624,0.7656608031335352,151.34779428047352,-111.80885775096512,24.106676325935993,-17.53293381415088,0.1060470582187595,12.733438119474105,0.5042540653626075,-24.549995608869743,1
-11.89929557335892,5.301422372783649,167.4161537156072,-66.67034316206312,19.478570712664297,-23.568866611036825,0.6850045727018295,24.548461987996717,0.5277632347259211,-7.943202667915255,1
5.2541744586978085,16.475938686476717,264.20796764154204,-37.82483105176683,28.79079499650022,-7.808013825402843,0.534475207018865,34.69768953909705,0.6749752582570111,-10.799217613187526,0
-2.3936864523013472,10.922266331800246,259.4927918429564,-17.22281835285576,27.70084062976487,-6.32571538414021,0.7388950277567448,39.072966999839274,0.7587743079831667,-10.057292740536688,1
-15.150672939524725,-1.2370962594735602,172.82183090607842,-65.10622899207519,19.077288797949016,-13.396845688954157,0.3395081927643452,32.41470837437834,0.6484116653029304,-10.153549360487608,1
-2.850077462841607,5.312667806524147,136.5684219440574,-85.81056991366421,24.103245784913614,-18.614910261010007,0.3446534181696112,-2.4519679423140417,0.5499080184127558,-10.593931838968278,1
3.0002104664865854,6.4541015988091175,179.19846817767475,-121.55911959439568,19.887930838880884,-19.368333815849624,-0.1714643603168481,39.59275731414928,0.6242470941093677,-8.497428592274645,1
0.8648808285287153,-0.8634137913169884,128.73579721878127,-58.56141254211619,22.344357977742263,-7.433560252873983,0.2287416962859092,32.77824336370416,0.6458237045721501,-8.894709280423195,1
1.0819360261741302,6.0515042726862855,194.5976453466323,-61.07266991441789,22.02547731070236,-19.621837882920175,0.734991309649671,76.88082767063533,0.6180213717172373,-9.066458034470408,1
3.517362413279318,3.295509976589444,144.2010960163988,-145.93335443607975,22.870189201737016,-22.742308458773316,0.5988738290595226,39.660760279991266,0.519475245683285,-10.459080327609172,1
-6.225050481285061,4.133819359785444,147.32159841255714,-44.22828232556829,22.275999563948016,-20.542781400615787,0.430235388840869,19.817461957347824,0.5080842844882693,-9.961419609890449,1
-8.769824680926877,2.289096960721003,148.17970079093223,-34.2656247828145,28.756284816411053,-5.500856290436628,0.0689679214202866,48.77907362719969,0.584126304432864,-8.528061790902086,1
4.0490643964870054,12.505196520134962,263.032415869002,-45.89896380889361,28.448286295477804,-6.847248144435856,0.1650810861507525,35.68808036507344,0.6153783587716246,-15.294293922381271,0
5.817650763813495,7.714592220608308,138.5411721576821,-49.025357429711455,26.119986838972437,-21.933789074442306,0.346367123122488,62.29075998306711,0.6674653049617072,-13.750927076759387,1
-1.0909317501639184,7.9375360931889,258.4759629339895,-11.578280569641445,27.442171797183388,-3.2501932649233662,0.2964531413000958,24.87034609604881,0.6019705295459549,-15.861733954463958,1
-11.23485337837231,0.7342899055794865,162.0008737836906,5.59624700565228,23.22103860338867,-4.780904245755645,0.214450295649382,48.92516822947036,0.5904518171187659,-1.9384654619854853,1
3.6097169249032377,3.177971417289098,148.92028381815794,-116.1172748692196,24.52360724064593,-12.298271043801588,0.4666734323467114,52.28248174379112,0.5592303780454176,-8.015114254540537,1
-7.446674791512118,8.001469943556806,132.82056686553415,-31.00894163109739,27.519590641502052,-5.050780036186358,-0.1720162786739495,69.60170011264222,0.7449316697337569,-11.229194258319044,1
-16.43745998399203,11.946550183833624,155.59100720946108,-59.23843317976898,21.556765700577873,-20.189557644172268,0.7818317911973658,39.57621522091932,0.606325700074641,-8.35345784125127,1
-2.8952806743631436,7.694685213387374,264.3202867072462,-45.21300010664983,28.541848348268893,-6.959451640101057,0.3928749544897955,46.553635776160704,0.464977683004098,-13.30930474055624,1
-8.012665885584674,4.63281872580948,156.59204493268686,-29.38144045096051,25.5829306764918,-17.856337667044695,0.4910975906396589,30.676147931727577,0.6234639484777638,-6.784349228097,1
-3.735818780268188,7.927124987185218,187.96077127488235,-110.77142440307507,21.224301201857283,-17.853201252921508,1.040764455783667,21.891842637790205,0.5862358478889711,-7.450885538574334,1
6.768200274526474,4.398973512897912,218.78551133359016,-23.908773835644777,27.162405393322423,-7.197094166718104,0.9471819891974308,41.801784964181955,0.6469894763402673,-10.16323362270824,0
1.225861730843271,2.598001804585968,157.4589206830486,60.50387159657207,21.047154561333823,-12.309267820044797,-0.0471678783155889,33.76410153704844,0.5801317400560855,-7.95260859789212,1
-4.173370192707946,9.651691113065016,153.37043137579863,-83.85143036445251,26.635361316827805,-4.434225063309629,0.0211169805837952,24.528070172864943,0.5514449994419356,-12.702831681633462,1
-6.1805317442661085,5.853929489771601,137.84766165710224,-4.8914614139092265,22.765354025827428,-16.37880660345576,0.1910485194522961,20.394541584851027,0.4712706872194377,-14.966728679385623,1
-13.34966677226192,2.2325208205259064,268.3963336200281,-23.89471792905711,27.757466652645096,-4.867910863676956,0.264463951474921,25.841666858978513,0.6201656359051454,-6.33777702500159,1
-2.7605160945791174,3.0886554216596536,148.2507322182129,19.953589059969783,18.176506630029586,-19.11291904205989,-0.1245338891679059,29.27672316540319,0.592072558803082,-8.833370962275533,1
-4.324210496614569,7.35522116238492,112.21357459292162,-51.4698180066646,24.726020463468338,-21.005434951378486,-0.0850514066811741,7.877447954437683,0.4023880096643314,-19.615764382732824,1
-11.42212531217856,2.494238239166269,162.51183176435347,-110.89401842170184,24.15437777976123,-18.85469205830207,0.178845147384422,7.107620324374393,0.5720215284531999,-8.504242147106986,1
-17.76230968095124,4.1612094887755955,146.8065991348945,-140.74187471326417,18.854835419732098,-18.37408477181096,0.1516389419126138,29.913151742959357,0.5895134993535043,-28.463703190292087,1
-16.873534991476326,7.638599583567659,151.51134722260048,-25.07772449312601,23.4099820925789,-19.363489475634054,-0.0004260317230955,50.13171526066373,0.7190616801523497,-13.329414466071922,1
5.945200272387062,3.968072098944822,153.80452207439222,-71.85672956106387,19.32381132938555,-15.613062535160848,-0.1094059216883768,21.56832553080494,0.5711235122480018,-3.4698889290192483,1
-8.643182019105383,3.0092319692202096,173.87329756099956,-63.972348817314696,19.846241888122258,-17.36966624921323,0.4726512089935801,20.279385013659464,0.4514688260731981,-9.792774899934724,1
0.7546678353752361,4.883355679621287,176.9738828011244,-79.53854387775635,14.124747343329249,-16.582210427572633,0.7424470199685882,19.62316751284464,0.6876055260521003,-15.173634207760715,1
-2.6905233233212464,3.634676104329793,141.05079101388793,1.680069373166532,22.83526984208249,-29.394563772664178,0.4706990649580085,33.18583757524515,0.3744891278349112,-16.15747441728184,1
